prompt_level_strict_acc,prompt_level_loose_acc,inst_level_strict_acc,inst_level_loose_acc
0.5674676524953789,0.6044362292051756,0.684652278177458,0.7122302158273381
