subtask,score
story_generation,82.08333333333333
connections,33.833333333333336
cta,52.0
simplify,61.316666666666656
tablereformat,76.0
tablejoin,32.56
paraphrase,74.43333333333334
plot_unscrambling,30.932078574646116
typos,44.0
summarize,69.23333333333332
,
data_analysis,53.52
instruction_following,71.76666666666665
language,36.25513730265982
,
FINAL,53.847267989775496
