subtask,score
story_generation,69.08333333333333
connections,19.500000000000004
cta,48.0
simplify,63.4
tablereformat,62.0
tablejoin,6.4399999999999995
paraphrase,65.54999999999998
plot_unscrambling,9.923355957320922
typos,6.0
summarize,67.04999999999998
,
data_analysis,38.81333333333333
instruction_following,66.27083333333331
language,11.807785319106975
,
FINAL,38.96398399525787
