prompt_level_strict_acc,prompt_level_loose_acc,inst_level_strict_acc,inst_level_loose_acc
0.3789279112754159,0.38817005545286504,0.46522781774580335,0.4748201438848921
