prompt_level_strict_acc,prompt_level_loose_acc,inst_level_strict_acc,inst_level_loose_acc
0.678373382624769,0.6987060998151571,0.7685851318944844,0.7841726618705036
