subtask,score
math,0.774981495188749
health,0.7127139364303179
psychology,0.7669172932330827
other,0.7164502164502164
history,0.6482939632545932
philosophy,0.6492985971943888
biology,0.8465829846582985
physics,0.7105465742879138
chemistry,0.715547703180212
computer science,0.7219512195121951
economics,0.8009478672985783
business,0.7553865652724968
law,0.5068119891008175
engineering,0.5490196078431373
FINAL,0.7053892866360713
