subtask,score
story_generation,46.583333333333336
connections,32.83333333333334
cta,0.0
simplify,60.56666666666667
tablereformat,12.0
tablejoin,0.36
paraphrase,53.55000000000001
plot_unscrambling,24.0881816924229
typos,26.0
summarize,50.449999999999996
,
data_analysis,4.12
instruction_following,52.7875
language,27.64050500858541
,
FINAL,28.182668336195135
