prompt_level_strict_acc,prompt_level_loose_acc,inst_level_strict_acc,inst_level_loose_acc
0.5397412199630314,0.5674676524953789,0.6618705035971223,0.6858513189448441
