subtask,score
story_generation,48.916666666666664
connections,8.666666666666668
cta,2.0
simplify,61.33333333333334
tablereformat,4.0
tablejoin,0.0
paraphrase,57.9
plot_unscrambling,5.476116351869966
typos,4.0
summarize,59.166666666666664
,
data_analysis,2.0
instruction_following,56.829166666666666
language,6.047594339512211
,
FINAL,21.62558700205963
