subtask,score
story_generation,40.416666666666664
connections,13.166666666666666
cta,48.0
simplify,29.650000000000006
tablereformat,24.0
tablejoin,3.34
paraphrase,31.6
plot_unscrambling,0.7454481792717088
typos,4.0
summarize,31.033333333333328
,
data_analysis,25.113333333333333
instruction_following,33.175
language,5.970704948646126
,
FINAL,21.419679427326486
