prompt_level_strict_acc,prompt_level_loose_acc,inst_level_strict_acc,inst_level_loose_acc
0.5656192236598891,0.6118299445471349,0.6786570743405276,0.7206235011990407
