prompt_level_strict_acc,prompt_level_loose_acc,inst_level_strict_acc,inst_level_loose_acc
0.6487985212569316,0.6913123844731978,0.7398081534772182,0.7769784172661871
