subtask,score
computer_science,0.06585365853658537
math,0.07475943745373798
health,0.07701711491442542
psychology,0.09899749373433583
other,0.07034632034632035
history,0.07611548556430446
philosophy,0.07414829659318638
biology,0.11715481171548117
physics,0.06774441878367975
chemistry,0.053886925795053005
economics,0.09834123222748815
business,0.06590621039290241
law,0.05722070844686648
engineering,0.05779153766769866
FINAL,0.0753774037265761
