prompt_level_strict_acc,prompt_level_loose_acc,inst_level_strict_acc,inst_level_loose_acc
0.7523105360443623,0.8040665434380776,0.8285371702637889,0.8645083932853717
