subtask,score
math,0.37305699481865284
health,0.44987775061124696
psychology,0.4849624060150376
other,0.3658008658008658
history,0.37270341207349084
philosophy,0.32665330661322645
biology,0.5495118549511855
physics,0.302540415704388
chemistry,0.2579505300353357
computer science,0.36097560975609755
economics,0.4656398104265403
business,0.3726235741444867
law,0.21071752951861944
engineering,0.17956656346749225
FINAL,0.36232718742404757
