prompt_level_strict_acc,prompt_level_loose_acc,inst_level_strict_acc,inst_level_loose_acc
0.4029574861367837,0.47689463955637706,0.5059952038369304,0.5671462829736211
