prompt_level_strict_acc,prompt_level_loose_acc,inst_level_strict_acc,inst_level_loose_acc
0.8983364140480592,0.9168207024029574,0.9304556354916067,0.9424460431654677
