subtask,score
math,0.09030347890451518
health,0.08557457212713937
psychology,0.08521303258145363
other,0.07792207792207792
history,0.05774278215223097
philosophy,0.10020040080160321
biology,0.11157601115760112
physics,0.061585835257890686
chemistry,0.05653710247349823
computer science,0.07317073170731707
economics,0.10545023696682465
business,0.0697084917617237
law,0.055404178019981834
engineering,0.06191950464396285
FINAL,0.07802203117698715
