subtask,score
story_generation,46.833333333333336
connections,30.66666666666667
cta,0.0
simplify,62.59999999999999
tablereformat,14.000000000000002
tablejoin,0.0
paraphrase,59.13333333333334
plot_unscrambling,25.781648059135904
typos,20.0
summarize,46.81666666666666
,
data_analysis,4.666666666666667
instruction_following,53.84583333333333
language,25.482771575267524
,
FINAL,27.99842385842251
