prompt_level_strict_acc,prompt_level_loose_acc,inst_level_strict_acc,inst_level_loose_acc
0.7781885397412199,0.8133086876155268,0.8465227817745803,0.8729016786570744
