subtask,score
computer_science,0.7121951219512195
math,0.7875647668393783
health,0.6821515892420538
psychology,0.7543859649122807
other,0.6428571428571429
history,0.5879265091863517
philosophy,0.5671342685370742
biology,0.8270571827057183
physics,0.7051578137028484
chemistry,0.6669611307420494
computer science,0.7048780487804878
economics,0.7618483412322274
business,0.7160963244613435
law,0.42052679382379654
engineering,0.5232198142414861
FINAL,0.6706640542143638
