prompt_level_strict_acc,prompt_level_loose_acc,inst_level_strict_acc,inst_level_loose_acc
0.7726432532347505,0.800369685767098,0.8345323741007195,0.8573141486810552
