subtask,score
story_generation,72.83333333333334
connections,38.000000000000014
cta,54.0
simplify,72.15
tablereformat,82.0
tablejoin,35.2
paraphrase,75.08333333333334
plot_unscrambling,30.932732909278503
typos,26.0
summarize,74.23333333333333
,
data_analysis,57.06666666666666
instruction_following,73.575
language,31.644244303092837
,
FINAL,54.0953036565865
