subtask,score
math,0.7764618800888231
health,0.6723716381418093
psychology,0.7443609022556391
other,0.7012987012987013
history,0.6246719160104987
philosophy,0.6432865731462926
biology,0.8075313807531381
physics,0.6989992301770592
chemistry,0.700530035335689
computer science,0.724390243902439
economics,0.7819905213270142
business,0.7452471482889734
law,0.5495004541326067
engineering,0.41898864809081526
FINAL,0.6849735194963928
