subtask,score
story_generation,48.583333333333336
connections,5.666666666666667
cta,36.0
simplify,57.233333333333334
tablereformat,52.0
tablejoin,6.460000000000001
paraphrase,62.55
plot_unscrambling,14.899456900992874
typos,32.0
summarize,53.7
,
data_analysis,31.486666666666668
instruction_following,55.516666666666666
language,17.52204118921985
,
FINAL,34.841791507517726
