subtask,score
computer_science,0.2073170731707317
math,0.25758697261287933
FINAL,0.2324520228918055
