subtask,score
story_generation,81.91666666666667
connections,44.833333333333336
cta,50.0
simplify,82.08333333333334
tablereformat,74.0
tablejoin,31.240000000000002
paraphrase,90.25
plot_unscrambling,42.53121401050929
typos,44.0
summarize,87.18333333333332
,
data_analysis,51.74666666666667
instruction_following,85.35833333333333
language,43.78818244794754
,
FINAL,60.29772748264919
