subtask,score
story_generation,64.66666666666667
connections,7.833333333333334
cta,46.0
simplify,64.58333333333334
tablereformat,46.0
paraphrase,61.16666666666667
plot_unscrambling,14.969346710770253
typos,10.0
summarize,59.74999999999999
,
data_analysis,30.666666666666668
instruction_following,62.54166666666667
language,10.934226681367862
,
FINAL,34.71418667156707
