prompt_level_strict_acc,prompt_level_loose_acc,inst_level_strict_acc,inst_level_loose_acc
0.7689463955637708,0.8096118299445472,0.8453237410071942,0.8741007194244604
