subtask,score
computer_science,0.5658536585365853
math,0.7024426350851222
health,0.5537897310513448
psychology,0.6416040100250626
other,0.5054112554112554
history,0.42782152230971127
philosophy,0.4308617234468938
biology,0.7196652719665272
physics,0.558891454965358
chemistry,0.5212014134275619
computer science,0.5878048780487805
economics,0.6469194312796208
business,0.6273764258555133
law,0.27974568574023617
engineering,0.3973168214654283
FINAL,0.5444470612410001
