subtask,score
story_generation,39.916666666666664
connections,42.66666666666667
cta,44.0
simplify,33.11666666666667
tablereformat,28.000000000000004
tablejoin,51.34000000000001
paraphrase,36.48333333333333
plot_unscrambling,15.974124300714031
typos,20.0
summarize,34.18333333333334
,
data_analysis,41.11333333333334
instruction_following,35.925
language,26.2135969891269
,
FINAL,34.41731010748674
