subtask,score
math,0.5077720207253886
health,0.3202933985330073
psychology,0.4348370927318296
other,0.3495670995670996
history,0.27034120734908135
philosophy,0.2985971943887776
biology,0.49372384937238495
physics,0.4488067744418784
chemistry,0.4169611307420495
computer science,0.4073170731707317
economics,0.39454976303317535
business,0.40304182509505704
law,0.17620345140781107
engineering,0.21465428276573786
FINAL,0.366904725951715
