subtask,score
math,0.05773501110288675
health,0.05623471882640587
psychology,0.09022556390977443
other,0.09523809523809523
history,0.10498687664041995
philosophy,0.09018036072144289
biology,0.10599721059972106
physics,0.04080061585835258
chemistry,0.05742049469964664
computer science,0.09024390243902439
economics,0.08767772511848342
business,0.051964512040557666
law,0.03451407811080836
engineering,0.04231166150670795
FINAL,0.07182363048659478
