subtask,score
story_generation,65.16666666666667
connections,14.333333333333332
cta,46.0
simplify,58.3
tablereformat,50.0
tablejoin,7.8
paraphrase,61.06666666666667
plot_unscrambling,14.337790547828511
typos,14.000000000000002
summarize,56.21666666666667
,
data_analysis,34.6
instruction_following,60.1875
language,14.223707960387282
,
FINAL,36.337069320129096
