prompt_level_strict_acc,prompt_level_loose_acc,inst_level_strict_acc,inst_level_loose_acc
0.13863216266173753,0.13863216266173753,0.2541966426858513,0.2541966426858513
