subtask,score
math,0.052553663952627686
health,0.0647921760391198
psychology,0.10150375939849623
other,0.10714285714285714
history,0.09711286089238845
philosophy,0.07414829659318638
biology,0.12273361227336123
physics,0.05234795996920708
chemistry,0.05123674911660778
computer science,0.09268292682926829
economics,0.08293838862559241
business,0.048162230671736375
law,0.03905540417801998
engineering,0.2301341589267286
FINAL,0.08689607461494267
