subtask,score
math,0.7971872686898593
health,0.6638141809290954
psychology,0.7506265664160401
other,0.6461038961038961
history,0.5984251968503937
philosophy,0.5791583166332666
biology,0.797768479776848
physics,0.6889915319476521
chemistry,0.6757950530035336
computer science,0.7195121951219512
economics,0.7630331753554502
business,0.7452471482889734
law,0.43778383287920075
engineering,0.5603715170278638
FINAL,0.6731298827874304
