prompt_level_strict_acc,prompt_level_loose_acc,inst_level_strict_acc,inst_level_loose_acc
0.36229205175600737,0.3807763401109057,0.48081534772182255,0.49760191846522783
