subtask,score
math,0.698741672834937
health,0.5513447432762836
psychology,0.6466165413533834
other,0.5119047619047619
history,0.4435695538057743
philosophy,0.45691382765531063
biology,0.7071129707112971
physics,0.5519630484988453
chemistry,0.5300353356890459
computer science,0.5560975609756098
economics,0.6386255924170616
business,0.6362484157160964
law,0.296094459582198
engineering,0.39215686274509803
FINAL,0.544101810511836
